{
  "credit": "Made with Blockbench",
  "parent": "builtin/entity",
  "texture_size": [
    32,
    32
  ],
  "display": {
    "thirdperson_righthand": {
      "scale": [
        0.345703125,
        0.392578125,
        0.462890625
      ]
    },
    "thirdperson_lefthand": {
      "scale": [
        0.34,
        0.39,
        0.46
      ]
    },
    "firstperson_righthand": {
      "rotation": [
        -5.75,
        0,
        24.5
      ],
      "translation": [
        1.75,
        -2.25,
        0
      ],
      "scale": [
        0.72265625,
        0.791015625,
        0.736328125
      ]
    },
    "firstperson_lefthand": {
      "rotation": [
        -5.75,
        0,
        24.5
      ],
      "translation": [
        1.75,
        -2.25,
        0
      ],
      "scale": [
        0.72,
        0.79,
        0.73
      ]
    },
    "ground": {
      "scale": [
        0.76171875,
        0.67578125,
        0.80078125
      ]
    },
    "gui": {
      "rotation": [
        20.3,
        -0.3,
        -5.67
      ],
      "translation": [
        0.75,
        -5.5,
        0
      ],
      "scale": [
        0.65625,
        0.61328125,
        1
      ]
    },
    "head": {
      "translation": [
        0,
        6,
        0
      ]
    },
    "fixed": {
      "rotation": [
        -86.5,
        0,
        0
      ]
    }
  }
}